job_id,url
4419256409,https://br.linkedin.com/jobs-guest/jobs/api/seeMoreJobPostings/engenheiro-de-dados-vagas?start=0
4409624796,https://br.linkedin.com/jobs-guest/jobs/api/seeMoreJobPostings/engenheiro-de-dados-vagas?start=0
4418846380,https://br.linkedin.com/jobs-guest/jobs/api/seeMoreJobPostings/engenheiro-de-dados-vagas?start=0
4417995050,https://br.linkedin.com/jobs-guest/jobs/api/seeMoreJobPostings/engenheiro-de-dados-vagas?start=0
4423299033,https://br.linkedin.com/jobs-guest/jobs/api/seeMoreJobPostings/engenheiro-de-dados-vagas?start=0
4417507087,https://br.linkedin.com/jobs-guest/jobs/api/seeMoreJobPostings/engenheiro-de-dados-vagas?start=0
4419485171,https://br.linkedin.com/jobs-guest/jobs/api/seeMoreJobPostings/engenheiro-de-dados-vagas?start=0
4298239221,https://br.linkedin.com/jobs-guest/jobs/api/seeMoreJobPostings/engenheiro-de-dados-vagas?start=0
4416248218,https://br.linkedin.com/jobs-guest/jobs/api/seeMoreJobPostings/engenheiro-de-dados-vagas?start=0
4422483657,https://br.linkedin.com/jobs-guest/jobs/api/seeMoreJobPostings/engenheiro-de-dados-vagas?start=0
4415800552,https://br.linkedin.com/jobs-guest/jobs/api/seeMoreJobPostings/engenheiro-de-dados-vagas?start=10
4424742303,https://br.linkedin.com/jobs-guest/jobs/api/seeMoreJobPostings/engenheiro-de-dados-vagas?start=10
4398252717,https://br.linkedin.com/jobs-guest/jobs/api/seeMoreJobPostings/engenheiro-de-dados-vagas?start=10
4403497070,https://br.linkedin.com/jobs-guest/jobs/api/seeMoreJobPostings/engenheiro-de-dados-vagas?start=10
4419902507,https://br.linkedin.com/jobs-guest/jobs/api/seeMoreJobPostings/engenheiro-de-dados-vagas?start=10
4423031438,https://br.linkedin.com/jobs-guest/jobs/api/seeMoreJobPostings/engenheiro-de-dados-vagas?start=10
4418321850,https://br.linkedin.com/jobs-guest/jobs/api/seeMoreJobPostings/engenheiro-de-dados-vagas?start=10
4421183711,https://br.linkedin.com/jobs-guest/jobs/api/seeMoreJobPostings/engenheiro-de-dados-vagas?start=10
4418984870,https://br.linkedin.com/jobs-guest/jobs/api/seeMoreJobPostings/engenheiro-de-dados-vagas?start=10
4411253981,https://br.linkedin.com/jobs-guest/jobs/api/seeMoreJobPostings/engenheiro-de-dados-vagas?start=10
4414167333,https://br.linkedin.com/jobs-guest/jobs/api/seeMoreJobPostings/engenheiro-de-dados-vagas?start=10
4409215987,https://br.linkedin.com/jobs-guest/jobs/api/seeMoreJobPostings/engenheiro-de-dados-vagas?start=10
4411202934,https://br.linkedin.com/jobs-guest/jobs/api/seeMoreJobPostings/engenheiro-de-dados-vagas?start=10
4418945746,https://br.linkedin.com/jobs-guest/jobs/api/seeMoreJobPostings/engenheiro-de-dados-vagas?start=10
4359656836,https://br.linkedin.com/jobs-guest/jobs/api/seeMoreJobPostings/engenheiro-de-dados-vagas?start=10
4352343498,https://br.linkedin.com/jobs-guest/jobs/api/seeMoreJobPostings/engenheiro-de-dados-vagas?start=10
4402556137,https://br.linkedin.com/jobs-guest/jobs/api/seeMoreJobPostings/engenheiro-de-dados-vagas?start=10
4413134595,https://br.linkedin.com/jobs-guest/jobs/api/seeMoreJobPostings/engenheiro-de-dados-vagas?start=10
4412166565,https://br.linkedin.com/jobs-guest/jobs/api/seeMoreJobPostings/engenheiro-de-dados-vagas?start=10
4406468970,https://br.linkedin.com/jobs-guest/jobs/api/seeMoreJobPostings/engenheiro-de-dados-vagas?start=10
4415716865,https://br.linkedin.com/jobs-guest/jobs/api/seeMoreJobPostings/engenheiro-de-dados-vagas?start=90
4414151497,https://br.linkedin.com/jobs-guest/jobs/api/seeMoreJobPostings/engenheiro-de-dados-vagas?start=90
4375071637,https://br.linkedin.com/jobs-guest/jobs/api/seeMoreJobPostings/engenheiro-de-dados-vagas?start=90
4419460510,https://br.linkedin.com/jobs-guest/jobs/api/seeMoreJobPostings/engenheiro-de-dados-vagas?start=90
4414750850,https://br.linkedin.com/jobs-guest/jobs/api/seeMoreJobPostings/engenheiro-de-dados-vagas?start=90
4420137778,https://br.linkedin.com/jobs-guest/jobs/api/seeMoreJobPostings/engenheiro-de-dados-vagas?start=90
4419639574,https://br.linkedin.com/jobs-guest/jobs/api/seeMoreJobPostings/engenheiro-de-dados-vagas?start=90
4423290811,https://br.linkedin.com/jobs-guest/jobs/api/seeMoreJobPostings/engenheiro-de-dados-vagas?start=90
4417632196,https://br.linkedin.com/jobs-guest/jobs/api/seeMoreJobPostings/engenheiro-de-dados-vagas?start=90
4421263829,https://br.linkedin.com/jobs-guest/jobs/api/seeMoreJobPostings/engenheiro-de-dados-vagas?start=90
4409620727,https://br.linkedin.com/jobs-guest/jobs/api/seeMoreJobPostings/engenheiro-de-dados-vagas?start=90
4424446742,https://br.linkedin.com/jobs-guest/jobs/api/seeMoreJobPostings/engenheiro-de-dados-vagas?start=90
4413448193,https://br.linkedin.com/jobs-guest/jobs/api/seeMoreJobPostings/engenheiro-de-dados-vagas?start=90
4423027545,https://br.linkedin.com/jobs-guest/jobs/api/seeMoreJobPostings/engenheiro-de-dados-vagas?start=90
4416427227,https://br.linkedin.com/jobs-guest/jobs/api/seeMoreJobPostings/engenheiro-de-dados-vagas?start=90
4416421413,https://br.linkedin.com/jobs-guest/jobs/api/seeMoreJobPostings/engenheiro-de-dados-vagas?start=90
4413057406,https://br.linkedin.com/jobs-guest/jobs/api/seeMoreJobPostings/engenheiro-de-dados-vagas?start=90
4419307960,https://br.linkedin.com/jobs-guest/jobs/api/seeMoreJobPostings/engenheiro-de-dados-vagas?start=90
4415978890,https://br.linkedin.com/jobs-guest/jobs/api/seeMoreJobPostings/engenheiro-de-dados-vagas?start=90
4400654232,https://br.linkedin.com/jobs-guest/jobs/api/seeMoreJobPostings/engenheiro-de-dados-vagas?start=90
4419602799,https://br.linkedin.com/jobs-guest/jobs/api/seeMoreJobPostings/engenheiro-de-dados-vagas?start=90
4415913226,https://br.linkedin.com/jobs-guest/jobs/api/seeMoreJobPostings/engenheiro-de-dados-vagas?start=90
4414054148,https://br.linkedin.com/jobs-guest/jobs/api/seeMoreJobPostings/engenheiro-de-dados-vagas?start=90
4412416375,https://br.linkedin.com/jobs-guest/jobs/api/seeMoreJobPostings/engenheiro-de-dados-vagas?start=90
4420146664,https://br.linkedin.com/jobs-guest/jobs/api/seeMoreJobPostings/engenheiro-de-dados-vagas?start=90
4091160916,https://br.linkedin.com/jobs-guest/jobs/api/seeMoreJobPostings/engenheiro-de-dados-vagas?start=90
4390956188,https://br.linkedin.com/jobs-guest/jobs/api/seeMoreJobPostings/engenheiro-de-dados-vagas?start=90
4380448668,https://br.linkedin.com/jobs-guest/jobs/api/seeMoreJobPostings/engenheiro-de-dados-vagas?start=90
4412855044,https://br.linkedin.com/jobs-guest/jobs/api/seeMoreJobPostings/engenheiro-de-dados-vagas?start=90
4424606750,https://br.linkedin.com/jobs-guest/jobs/api/seeMoreJobPostings/engenheiro-de-dados-vagas?start=90
4416446986,https://br.linkedin.com/jobs-guest/jobs/api/seeMoreJobPostings/engenheiro-de-dados-vagas?start=90
4424509022,https://br.linkedin.com/jobs-guest/jobs/api/seeMoreJobPostings/engenheiro-de-dados-vagas?start=90
4416894790,https://br.linkedin.com/jobs-guest/jobs/api/seeMoreJobPostings/engenheiro-de-dados-vagas?start=90
4391137479,https://br.linkedin.com/jobs-guest/jobs/api/seeMoreJobPostings/engenheiro-de-dados-vagas?start=90
4420123844,https://br.linkedin.com/jobs-guest/jobs/api/seeMoreJobPostings/engenheiro-de-dados-vagas?start=90
4423285270,https://br.linkedin.com/jobs-guest/jobs/api/seeMoreJobPostings/engenheiro-de-dados-vagas?start=90
4417901184,https://br.linkedin.com/jobs-guest/jobs/api/seeMoreJobPostings/engenheiro-de-dados-vagas?start=90
4418994242,https://br.linkedin.com/jobs-guest/jobs/api/seeMoreJobPostings/engenheiro-de-dados-vagas?start=90
4423010456,https://br.linkedin.com/jobs-guest/jobs/api/seeMoreJobPostings/engenheiro-de-dados-vagas?start=90
4416323402,https://br.linkedin.com/jobs-guest/jobs/api/seeMoreJobPostings/engenheiro-de-dados-vagas?start=90
4350447332,https://br.linkedin.com/jobs-guest/jobs/api/seeMoreJobPostings/engenheiro-de-dados-vagas?start=90
4419222177,https://br.linkedin.com/jobs-guest/jobs/api/seeMoreJobPostings/engenheiro-de-dados-vagas?start=90
4405291106,https://br.linkedin.com/jobs-guest/jobs/api/seeMoreJobPostings/engenheiro-de-dados-vagas?start=90
4424288008,https://br.linkedin.com/jobs-guest/jobs/api/seeMoreJobPostings/engenheiro-de-dados-vagas?start=90
4413642823,https://br.linkedin.com/jobs-guest/jobs/api/seeMoreJobPostings/engenheiro-de-dados-vagas?start=90
4417256417,https://br.linkedin.com/jobs-guest/jobs/api/seeMoreJobPostings/engenheiro-de-dados-vagas?start=90
4330744782,https://br.linkedin.com/jobs-guest/jobs/api/seeMoreJobPostings/engenheiro-de-dados-vagas?start=90
4417345494,https://br.linkedin.com/jobs-guest/jobs/api/seeMoreJobPostings/engenheiro-de-dados-vagas?start=90
4414368563,https://br.linkedin.com/jobs-guest/jobs/api/seeMoreJobPostings/engenheiro-de-dados-vagas?start=90
4424455588,https://br.linkedin.com/jobs-guest/jobs/api/seeMoreJobPostings/engenheiro-de-dados-vagas?start=90
4398097727,https://br.linkedin.com/jobs-guest/jobs/api/seeMoreJobPostings/engenheiro-de-dados-vagas?start=90
4416099348,https://br.linkedin.com/jobs-guest/jobs/api/seeMoreJobPostings/engenheiro-de-dados-vagas?start=90
4416059499,https://br.linkedin.com/jobs-guest/jobs/api/seeMoreJobPostings/engenheiro-de-dados-vagas?start=90
4424009492,https://br.linkedin.com/jobs-guest/jobs/api/seeMoreJobPostings/engenheiro-de-dados-vagas?start=90
4419312767,https://br.linkedin.com/jobs-guest/jobs/api/seeMoreJobPostings/engenheiro-de-dados-vagas?start=90
4245979421,https://br.linkedin.com/jobs-guest/jobs/api/seeMoreJobPostings/engenheiro-de-dados-vagas?start=90
4408092683,https://br.linkedin.com/jobs-guest/jobs/api/seeMoreJobPostings/engenheiro-de-dados-vagas?start=90
4422304546,https://br.linkedin.com/jobs-guest/jobs/api/seeMoreJobPostings/engenheiro-de-dados-vagas?start=90
4411291705,https://br.linkedin.com/jobs-guest/jobs/api/seeMoreJobPostings/engenheiro-de-dados-vagas?start=90
4422944135,https://br.linkedin.com/jobs-guest/jobs/api/seeMoreJobPostings/engenheiro-de-dados-vagas?start=90
4377798809,https://br.linkedin.com/jobs-guest/jobs/api/seeMoreJobPostings/engenheiro-de-dados-vagas?start=90
4422022568,https://br.linkedin.com/jobs-guest/jobs/api/seeMoreJobPostings/engenheiro-de-dados-vagas?start=90
4416980531,https://br.linkedin.com/jobs-guest/jobs/api/seeMoreJobPostings/engenheiro-de-dados-vagas?start=90
4398770033,https://br.linkedin.com/jobs-guest/jobs/api/seeMoreJobPostings/engenheiro-de-dados-vagas?start=90
4419564580,https://br.linkedin.com/jobs-guest/jobs/api/seeMoreJobPostings/engenheiro-de-dados-vagas?start=90
4410308858,https://br.linkedin.com/jobs-guest/jobs/api/seeMoreJobPostings/engenheiro-de-dados-vagas?start=90
4413163677,https://br.linkedin.com/jobs-guest/jobs/api/seeMoreJobPostings/engenheiro-de-dados-vagas?start=90
4414058805,https://br.linkedin.com/jobs-guest/jobs/api/seeMoreJobPostings/engenheiro-de-dados-vagas?start=90
4415983756,https://br.linkedin.com/jobs-guest/jobs/api/seeMoreJobPostings/engenheiro-de-dados-vagas?start=90
4414206188,https://br.linkedin.com/jobs-guest/jobs/api/seeMoreJobPostings/engenheiro-de-dados-vagas?start=90
4413807462,https://br.linkedin.com/jobs-guest/jobs/api/seeMoreJobPostings/engenheiro-de-dados-vagas?start=90
4414166390,https://br.linkedin.com/jobs-guest/jobs/api/seeMoreJobPostings/engenheiro-de-dados-vagas?start=90
4418470884,https://br.linkedin.com/jobs-guest/jobs/api/seeMoreJobPostings/engenheiro-de-dados-vagas?start=90
4421612831,https://br.linkedin.com/jobs-guest/jobs/api/seeMoreJobPostings/engenheiro-de-dados-vagas?start=90
4402002695,https://br.linkedin.com/jobs-guest/jobs/api/seeMoreJobPostings/engenheiro-de-dados-vagas?start=90
4416005536,https://br.linkedin.com/jobs-guest/jobs/api/seeMoreJobPostings/engenheiro-de-dados-vagas?start=90
4395412694,https://br.linkedin.com/jobs-guest/jobs/api/seeMoreJobPostings/engenheiro-de-dados-vagas?start=90
4367366774,https://br.linkedin.com/jobs-guest/jobs/api/seeMoreJobPostings/engenheiro-de-dados-vagas?start=90
4340763697,https://br.linkedin.com/jobs-guest/jobs/api/seeMoreJobPostings/engenheiro-de-dados-vagas?start=90
4412462923,https://br.linkedin.com/jobs-guest/jobs/api/seeMoreJobPostings/engenheiro-de-dados-vagas?start=90
4401009698,https://br.linkedin.com/jobs-guest/jobs/api/seeMoreJobPostings/engenheiro-de-dados-vagas?start=90
4418524487,https://br.linkedin.com/jobs-guest/jobs/api/seeMoreJobPostings/engenheiro-de-dados-vagas?start=90
4416885841,https://br.linkedin.com/jobs-guest/jobs/api/seeMoreJobPostings/engenheiro-de-dados-vagas?start=90
4404490706,https://br.linkedin.com/jobs-guest/jobs/api/seeMoreJobPostings/engenheiro-de-dados-vagas?start=90
4414581425,https://br.linkedin.com/jobs-guest/jobs/api/seeMoreJobPostings/engenheiro-de-dados-vagas?start=90
4423203972,https://br.linkedin.com/jobs-guest/jobs/api/seeMoreJobPostings/engenheiro-de-dados-vagas?start=90
4421511025,https://br.linkedin.com/jobs-guest/jobs/api/seeMoreJobPostings/engenheiro-de-dados-vagas?start=90
4389867661,https://br.linkedin.com/jobs-guest/jobs/api/seeMoreJobPostings/engenheiro-de-dados-vagas?start=90
4417138486,https://br.linkedin.com/jobs-guest/jobs/api/seeMoreJobPostings/engenheiro-de-dados-vagas?start=90
4375853698,https://br.linkedin.com/jobs-guest/jobs/api/seeMoreJobPostings/engenheiro-de-dados-vagas?start=90
4422952222,https://br.linkedin.com/jobs-guest/jobs/api/seeMoreJobPostings/engenheiro-de-dados-vagas?start=90
4406416092,https://br.linkedin.com/jobs-guest/jobs/api/seeMoreJobPostings/engenheiro-de-dados-vagas?start=90
4421159878,https://br.linkedin.com/jobs-guest/jobs/api/seeMoreJobPostings/engenheiro-de-dados-vagas?start=90
4391386634,https://br.linkedin.com/jobs-guest/jobs/api/seeMoreJobPostings/engenheiro-de-dados-vagas?start=90
4410866584,https://br.linkedin.com/jobs-guest/jobs/api/seeMoreJobPostings/engenheiro-de-dados-vagas?start=90
4422417371,https://br.linkedin.com/jobs-guest/jobs/api/seeMoreJobPostings/engenheiro-de-dados-vagas?start=90
4417505329,https://br.linkedin.com/jobs-guest/jobs/api/seeMoreJobPostings/engenheiro-de-dados-vagas?start=90
4412103247,https://br.linkedin.com/jobs-guest/jobs/api/seeMoreJobPostings/engenheiro-de-dados-vagas?start=90
4402098047,https://br.linkedin.com/jobs-guest/jobs/api/seeMoreJobPostings/engenheiro-de-dados-vagas?start=90
4417644626,https://br.linkedin.com/jobs-guest/jobs/api/seeMoreJobPostings/engenheiro-de-dados-vagas?start=90
4420166739,https://br.linkedin.com/jobs-guest/jobs/api/seeMoreJobPostings/engenheiro-de-dados-vagas?start=90
4420148324,https://br.linkedin.com/jobs-guest/jobs/api/seeMoreJobPostings/engenheiro-de-dados-vagas?start=90
4413580485,https://br.linkedin.com/jobs-guest/jobs/api/seeMoreJobPostings/engenheiro-de-dados-vagas?start=90
4422836523,https://br.linkedin.com/jobs-guest/jobs/api/seeMoreJobPostings/engenheiro-de-dados-vagas?start=90
4414891308,https://br.linkedin.com/jobs-guest/jobs/api/seeMoreJobPostings/engenheiro-de-dados-vagas?start=90
4359052792,https://br.linkedin.com/jobs-guest/jobs/api/seeMoreJobPostings/engenheiro-de-dados-vagas?start=90
4415699380,https://br.linkedin.com/jobs-guest/jobs/api/seeMoreJobPostings/engenheiro-de-dados-vagas?start=90
4423224430,https://br.linkedin.com/jobs-guest/jobs/api/seeMoreJobPostings/engenheiro-de-dados-vagas?start=90
4424918094,https://br.linkedin.com/jobs-guest/jobs/api/seeMoreJobPostings/engenheiro-de-dados-vagas?start=90
4414036029,https://br.linkedin.com/jobs-guest/jobs/api/seeMoreJobPostings/engenheiro-de-dados-vagas?start=90
4417518035,https://br.linkedin.com/jobs-guest/jobs/api/seeMoreJobPostings/engenheiro-de-dados-vagas?start=90
4420480031,https://br.linkedin.com/jobs-guest/jobs/api/seeMoreJobPostings/engenheiro-de-dados-vagas?start=90
4418055567,https://br.linkedin.com/jobs-guest/jobs/api/seeMoreJobPostings/engenheiro-de-dados-vagas?start=90
4416205393,https://br.linkedin.com/jobs-guest/jobs/api/seeMoreJobPostings/engenheiro-de-dados-vagas?start=90
4419210323,https://br.linkedin.com/jobs-guest/jobs/api/seeMoreJobPostings/engenheiro-de-dados-vagas?start=90
4419625609,https://br.linkedin.com/jobs-guest/jobs/api/seeMoreJobPostings/engenheiro-de-dados-vagas?start=90
4416719513,https://br.linkedin.com/jobs-guest/jobs/api/seeMoreJobPostings/engenheiro-de-dados-vagas?start=90
